invoice_id,order_id,invoice_date,due_date,paid_date,amount,total_paid,outstanding_payment,invoice_age_days,customer_id,name,seg,signup_date,region,credit_score,lifetime_amount,total_orders,total_invoices,over_due_invoices,overall_refund_amount,will_default,customer_tenure_days,tenure_years,paid_ratio,refund_ratio,overdue_ratio,avg_order_value,inv_to_lifetime_ratio,default_prob,predicted_default
I9000,O5000,2023-03-01,2023-03-15,2023-03-23,6478.09,6478.09,0.0,983,C1110,Casey-Brown,SMB,2024-07-20,North,515,18725.21,5,5,4,7723.18,0,0,0.0,1.0,0.4124482449061987,0.8,3745.042,0.34595553267493395,0.05,0
I9001,O5001,2023-04-17,2023-05-17,2023-04-24,492.08,492.08,0.0,920,C1027,Wilson-Campbell,Enterprise,2023-03-07,West,676,12734.9,3,3,2,0.0,0,41,0.11232876712328767,1.0,0.0,0.6666666666666666,4244.966666666666,0.03864027200841781,0.09666666666666666,0
I9002,O5002,2024-11-24,2024-12-24,2024-12-01,4521.6,4521.6,0.0,333,C1032,Lutz Group,Individual,2024-05-20,East,649,7618.200000000001,2,2,2,0.0,0,188,0.5150684931506849,1.0,0.0,1.0,3809.1000000000004,0.593526029770812,0.13,0
I9003,O5003,2023-02-16,2023-02-23,2023-02-25,3243.41,3243.41,0.0,1003,C1083,Davies-Morales,Enterprise,2024-08-07,West,613,3243.41,1,1,1,0.0,0,0,0.0,1.0,0.0,1.0,3243.41,1.0,0.043333333333333335,0
I9004,O5004,2023-03-28,2023-04-11,2023-04-24,2977.38,2977.38,0.0,956,C1107,Nelson Inc,SMB,2024-12-03,East,662,2977.38,1,1,1,0.0,0,0,0.0,1.0,0.0,1.0,2977.38,1.0,0.04666666666666667,0
I9005,O5005,2023-11-14,2023-12-14,2023-11-16,4683.44,4683.4400000000005,-9.094e-13,709,C1085,"Richard, Davis and Rogers",SMB,2024-03-21,North,614,4683.44,1,1,1,0.0,0,0,0.0,1.0000000000000002,0.0,1.0,4683.44,1.0,0.08333333333333333,0
I9006,O5006,2024-03-29,2024-04-05,2024-04-02,8181.24,6025.49,2155.75,596,C1021,Nunez-Rodriguez,Enterprise,2023-11-30,East,634,10827.37,2,2,2,0.0,1,120,0.3287671232876712,0.7365008238359955,0.0,1.0,5413.685,0.7556073173817833,0.9,1
I9007,O5007,2023-08-24,2023-09-23,2023-08-29,13790.67,13790.670000000002,-1.8189e-12,791,C1074,"Robertson, Fisher and Smith",Enterprise,2023-10-15,South,466,27911.96,3,3,3,0.0,0,0,0.0,1.0000000000000002,0.0,1.0,9303.986666666666,0.4940774492368146,0.01,0
I9008,O5008,2025-02-12,2025-02-19,2025-03-08,3286.26,3286.26,0.0,276,C1075,Chapman-Odom,Enterprise,2024-07-24,South,707,29175.58,4,4,4,0.0,0,203,0.5561643835616439,1.0,0.0,1.0,7293.895,0.11263734945457811,0.12333333333333334,0
I9009,O5009,2024-05-19,2024-05-26,2024-05-21,7054.38,7054.38,0.0,545,C1101,Colon-Lucas,SMB,2024-08-06,West,620,16302.330000000002,3,3,3,0.0,0,0,0.0,1.0,0.0,1.0,5434.110000000001,0.43272219369869214,0.006666666666666667,0
I9010,O5010,2024-12-15,2024-12-29,2024-12-19,6265.11,4482.83,1782.2799999999995,328,C1064,Flores-Johnson,Individual,2024-07-24,West,706,16669.079999999998,2,2,2,5845.0,1,144,0.39452054794520547,0.7155229517119412,0.3506492259920764,1.0,8334.539999999999,0.37585217660482767,0.9233333333333333,1
I9011,O5011,2023-01-27,2023-02-03,2023-02-07,1955.6,1496.5,459.0999999999999,1023,C1055,Edwards-Bennett,Individual,2024-03-09,South,715,2596.72,3,3,3,0.0,1,0,0.0,0.7652382900388628,0.0,1.0,865.5733333333333,0.7531039157090483,0.8666666666666667,1
I9012,O5012,2025-08-03,2025-08-10,2025-08-08,2796.42,2796.42,0.0,104,C1093,Ray and Sons,SMB,2024-06-18,East,627,2796.42,1,1,1,0.0,0,411,1.126027397260274,1.0,0.0,1.0,2796.42,1.0,0.056666666666666664,0
I9013,O5013,2024-07-09,2024-07-23,,5099.81,0.0,5099.81,487,C1105,Washington-Esparza,Individual,2023-08-08,South,678,5574.38,2,2,2,153.18,1,336,0.9205479452054794,0.0,0.027479289176554164,1.0,2787.19,0.9148658684912044,0.8866666666666667,1
I9014,O5014,2024-07-06,2024-07-13,2024-07-07,4183.1,4183.1,0.0,497,C1035,Neal-Madden,SMB,2025-10-07,North,564,14994.35,2,2,2,0.0,0,0,0.0,1.0,0.0,1.0,7497.175,0.2789784152030598,0.016666666666666666,0
I9015,O5015,2025-08-16,2025-09-15,2025-09-20,5652.0,5652.0,0.0,68,C1063,Jensen-Gomez,SMB,2024-11-07,South,566,12811.2,2,2,2,0.0,0,282,0.7726027397260274,1.0,0.0,1.0,6405.6,0.4411764705882353,0.02666666666666667,0
I9016,O5016,2025-09-27,2025-10-04,2025-10-04,8040.38,8040.38,0.0,49,C1043,Tate Inc,Individual,2023-01-07,East,628,15673.76,2,2,2,0.0,0,994,2.723287671232877,1.0,0.0,1.0,7836.88,0.5129834832229152,0.043333333333333335,0
I9017,O5017,2024-07-25,2024-08-01,2024-08-17,11579.22,11579.22,0.0,478,C1010,Webster Inc,Enterprise,2024-03-16,North,617,13237.72,2,2,2,0.0,0,131,0.3589041095890411,1.0,0.0,1.0,6618.86,0.8747140746291657,0.05333333333333334,0
I9018,O5018,2025-04-16,2025-05-16,2025-04-17,11371.69,11371.69,0.0,190,C1088,Pearson LLC,Individual,2023-04-27,North,612,13761.91,2,2,2,2105.29,0,720,1.9726027397260273,1.0,0.1529794919455221,1.0,6880.955,0.8263162598796243,0.06,0
I9019,O5019,2025-10-03,2025-10-17,2025-10-05,858.36,858.36,0.0,36,C1037,Morgan PLC,Individual,2025-05-14,North,512,858.36,1,1,1,0.0,0,142,0.38904109589041097,1.0,0.0,1.0,858.36,1.0,0.08666666666666667,0
I9020,O5020,2024-05-18,2024-06-17,2024-07-01,15913.53,15913.53,0.0,523,C1060,"Henry, Spencer and Ryan",Individual,2024-04-16,South,616,23264.22,2,2,2,0.0,0,32,0.08767123287671233,1.0,0.0,1.0,11632.11,0.6840345388755781,0.01,0
I9021,O5021,2024-12-06,2024-12-20,2024-12-07,1371.96,1371.96,0.0,337,C1045,Fuller and Sons,Individual,2024-09-03,South,599,12734.07,3,3,3,9559.65,0,94,0.25753424657534246,1.0,0.7507144220190403,1.0,4244.69,0.10773931665209945,0.07666666666666666,0
I9022,O5022,2024-07-09,2024-07-16,2024-07-18,10078.57,10078.57,0.0,494,C1015,"Allen, Hudson and Garcia",Individual,2024-08-23,East,610,26341.27,3,3,3,0.0,0,0,0.0,1.0,0.0,1.0,8780.423333333334,0.3826151890170823,0.03333333333333333,0
I9023,O5023,2024-10-12,2024-10-19,2024-10-19,14410.79,14410.79,0.0,399,C1024,Owens PLC,SMB,2024-05-16,West,611,21557.800000000003,2,2,2,0.0,0,149,0.40821917808219177,1.0,0.0,1.0,10778.900000000001,0.6684722003172865,0.03666666666666667,0
I9024,O5024,2025-09-23,2025-10-23,2025-10-01,7460.46,7460.460000000001,-9.094e-13,30,C1012,Johnson-Thomas,Enterprise,2025-01-05,East,666,10817.12,3,3,1,1988.24,0,261,0.7150684931506849,1.0000000000000002,0.18380493144201043,0.3333333333333333,3605.706666666667,0.6896900468886358,0.31666666666666665,0
I9025,O5025,2024-04-15,2024-04-22,2024-05-02,1231.16,1231.16,0.0,579,C1001,Johnson-Olsen,SMB,2024-05-16,South,640,3472.53,3,3,3,0.0,0,0,0.0,1.0,0.0,1.0,1157.51,0.35454265333920804,0.08,0
I9026,O5026,2023-09-21,2023-09-28,2023-10-06,1657.88,1657.88,0.0,786,C1070,Watkins-Lozano,Individual,2025-08-14,North,675,7273.04,2,2,2,0.0,0,0,0.0,1.0,0.0,1.0,3636.52,0.22794869820597716,0.023333333333333334,0
I9027,O5027,2023-09-21,2023-10-05,2023-10-01,2394.04,2394.04,0.0,779,C1073,Murray Group,SMB,2024-01-28,West,759,13807.62,2,2,2,0.0,0,0,0.0,1.0,0.0,1.0,6903.81,0.17338542051417985,0.15666666666666668,0
I9028,O5028,2025-09-08,2025-10-08,,8515.17,0.0,8515.17,45,C1006,Smith Group,Individual,2024-02-12,West,760,8515.17,1,1,1,0.0,1,574,1.5726027397260274,0.0,0.0,1.0,8515.17,1.0,0.5866666666666667,1
I9029,O5029,2023-08-23,2023-09-22,2023-08-31,1753.41,1753.4100000000003,-2.273e-13,792,C1009,Williams-Turner,Enterprise,2024-11-27,South,687,13021.4,2,2,2,1028.73,0,0,0.0,1.0000000000000002,0.0790030257883177,1.0,6510.7,0.13465602776967148,0.05,0
I9030,O5030,2023-04-25,2023-05-02,2023-05-02,1658.5,1658.5,0.0,935,C1010,Webster Inc,Enterprise,2024-03-16,North,617,13237.72,2,2,2,0.0,0,0,0.0,1.0,0.0,1.0,6618.86,0.12528592537083427,0.03,0
I9031,O5031,2025-05-03,2025-06-02,2025-05-08,16622.56,16622.56,0.0,173,C1057,"Dalton, Turner and Mccarthy",Individual,2025-06-16,West,628,19308.52,3,3,3,1999.58,0,0,0.0,1.0,0.10355946494086547,1.0,6436.173333333333,0.8608924971981281,0.03,0
I9032,O5032,2025-05-31,2025-06-30,2025-06-01,17681.7,17681.7,0.0,145,C1078,"Leonard, Rogers and Shaw",SMB,2023-07-11,South,656,33851.36,2,2,2,0.0,0,690,1.8904109589041096,1.0,0.0,1.0,16925.68,0.5223335192441309,0.06,0
I9033,O5033,2024-03-04,2024-03-11,2024-03-15,8933.76,8933.76,0.0,621,C1020,Richardson-Lawrence,Individual,2025-07-17,East,752,8933.76,1,1,1,0.0,0,0,0.0,1.0,0.0,1.0,8933.76,1.0,0.08333333333333333,0
I9034,O5034,2023-06-10,2023-07-10,2023-07-21,1497.38,1497.38,0.0,866,C1057,"Dalton, Turner and Mccarthy",Individual,2025-06-16,West,628,19308.52,3,3,3,1999.58,0,0,0.0,1.0,0.10355946494086547,1.0,6436.173333333333,0.07755022135306072,0.09,0
I9035,O5035,2025-08-22,2025-08-29,2025-08-27,1626.24,1626.24,0.0,85,C1036,"Schaefer, Levine and Brown",SMB,2023-08-13,South,664,8847.33,2,2,2,0.0,0,740,2.0273972602739727,1.0,0.0,1.0,4423.665,0.18381138716426312,0.03666666666666667,0
I9036,O5036,2025-07-25,2025-08-24,2025-08-04,2117.09,2117.09,0.0,90,C1100,Walters Group,SMB,2023-05-21,East,550,2117.09,1,1,1,0.0,0,796,2.180821917808219,1.0,0.0,1.0,2117.09,1.0,0.08,0
I9037,O5037,2024-02-14,2024-03-15,2024-02-16,289.64,289.64,0.0,617,C1082,Mitchell Inc,Enterprise,2025-03-10,West,753,11064.04,3,3,3,0.0,0,0,0.0,1.0,0.0,1.0,3688.013333333334,0.026178502608450435,0.06333333333333334,0
I9038,O5038,2023-10-26,2023-11-02,2023-11-02,1117.35,1117.35,-2.273e-13,751,C1101,Colon-Lucas,SMB,2024-08-06,West,620,16302.330000000002,3,3,3,0.0,0,0,0.0,1.0,0.0,1.0,5434.110000000001,0.06853928242159249,0.013333333333333334,0
I9039,O5039,2024-08-15,2024-08-29,2024-08-18,2390.22,2390.2200000000003,-4.547e-13,450,C1088,Pearson LLC,Individual,2023-04-27,North,612,13761.91,2,2,2,2105.29,0,476,1.3041095890410959,1.0000000000000002,0.1529794919455221,1.0,6880.955,0.1736837401203757,0.03333333333333333,0
I9040,O5040,2025-04-05,2025-04-19,2025-04-17,9188.36,7300.72,1887.6400000000003,217,C1056,Johnson-Thompson,Enterprise,2024-09-30,East,591,13091.990000000002,2,2,2,0.0,1,187,0.5123287671232877,0.794561815166145,0.0,1.0,6545.995000000001,0.7018306613433098,0.9033333333333333,1
I9041,O5041,2023-03-28,2023-04-11,2023-04-07,6928.5,6928.5,0.0,956,C1003,Watts LLC,SMB,2025-05-14,North,756,10081.8,2,2,2,0.0,0,0,0.0,1.0,0.0,1.0,5040.9,0.6872284711063501,0.26,0
I9042,O5042,2023-02-14,2023-02-28,2023-02-14,2797.4,2797.4,0.0,998,C1097,Boyd LLC,Enterprise,2023-01-20,North,668,13124.09,2,2,2,2901.46,0,25,0.0684931506849315,1.0,0.22107894718795743,1.0,6562.045,0.21315001649638185,0.03666666666666667,0
I9043,O5043,2025-07-01,2025-07-31,2025-07-02,456.14,456.13999999999993,5.68e-14,114,C1081,Pittman PLC,Enterprise,2023-12-04,North,674,456.14,1,1,1,0.0,1,575,1.5753424657534247,0.9999999999999999,0.0,1.0,456.14,1.0,0.21666666666666667,0
I9044,O5044,2025-08-27,2025-09-10,2025-09-02,13080.49,13080.49,0.0,73,C1041,Kelly-Estrada,SMB,2024-11-27,East,661,29250.15,2,2,2,0.0,0,273,0.7479452054794521,1.0,0.0,1.0,14625.075,0.447193946013952,0.04,0
I9045,O5045,2023-12-02,2023-12-16,2023-12-14,7221.09,3390.43,3830.66,707,C1036,"Schaefer, Levine and Brown",SMB,2023-08-13,South,664,8847.33,2,2,2,0.0,1,111,0.3041095890410959,0.4695177597841877,0.0,1.0,4423.665,0.816188612835737,0.8833333333333333,1
I9046,O5046,2023-03-19,2023-04-02,2023-04-14,3096.6,3096.6,0.0,965,C1032,Lutz Group,Individual,2024-05-20,East,649,7618.200000000001,2,2,2,0.0,0,0,0.0,1.0,0.0,1.0,3809.1000000000004,0.40647397022918796,0.04666666666666667,0
I9047,O5047,2025-04-14,2025-05-14,2025-04-15,4408.32,4408.32,0.0,192,C1052,"Jimenez, Wagner and Daniels",Individual,2023-05-22,South,602,4408.32,1,1,1,1140.56,0,693,1.8986301369863015,1.0,0.25872894889663184,1.0,4408.32,1.0,0.08666666666666667,0
I9048,O5048,2025-01-16,2025-01-30,2025-01-25,14814.2,14814.2,0.0,296,C1026,"Roberts, Bowen and Miller",SMB,2024-10-26,South,569,14814.2,1,1,1,0.0,0,82,0.22465753424657534,1.0,0.0,1.0,14814.2,1.0,0.02666666666666667,0
I9049,O5049,2023-10-03,2023-10-10,2023-10-08,11579.78,11579.78,1.8189e-12,774,C1015,"Allen, Hudson and Garcia",Individual,2024-08-23,East,610,26341.27,3,3,3,0.0,1,0,0.0,1.0,0.0,1.0,8780.423333333334,0.4396059871069239,0.04,0
I9050,O5050,2024-05-06,2024-05-13,2024-05-10,5615.16,5615.16,0.0,558,C1070,Watkins-Lozano,Individual,2025-08-14,North,675,7273.04,2,2,2,0.0,0,0,0.0,1.0,0.0,1.0,3636.52,0.7720513017940228,0.03666666666666667,0
I9051,O5051,2024-04-08,2024-04-22,2024-05-06,5942.92,5942.92,0.0,579,C1082,Mitchell Inc,Enterprise,2025-03-10,West,753,11064.04,3,3,3,0.0,0,0,0.0,1.0,0.0,1.0,3688.013333333334,0.5371383328332145,0.03,0
I9052,O5052,2024-08-22,2024-09-21,2024-08-29,7350.69,7350.69,-9.094e-13,427,C1060,"Henry, Spencer and Ryan",Individual,2024-04-16,South,616,23264.22,2,2,2,0.0,0,128,0.3506849315068493,1.0,0.0,1.0,11632.11,0.3159654611244219,0.02666666666666667,0
I9053,O5053,2023-10-25,2023-11-24,2023-11-05,725.44,440.65,284.7900000000001,729,C1110,Casey-Brown,SMB,2024-07-20,North,515,18725.21,5,5,4,7723.18,1,0,0.0,0.6074244596382884,0.4124482449061987,0.8,3745.042,0.03874135456958828,0.5666666666666667,1
I9054,O5054,2025-05-03,2025-05-17,2025-05-19,474.57,474.57,5.68e-14,189,C1105,Washington-Esparza,Individual,2023-08-08,South,678,5574.38,2,2,2,153.18,1,634,1.736986301369863,1.0,0.027479289176554164,1.0,2787.19,0.08513413150879559,0.6466666666666666,1
I9055,O5055,2024-09-04,2024-10-04,2024-10-16,3830.46,3830.46,0.0,414,C1068,Jenkins-Brown,Individual,2023-07-18,West,675,7308.92,2,2,2,0.0,0,414,1.1342465753424658,1.0,0.0,1.0,3654.46,0.5240801650585859,0.05333333333333334,0
I9056,O5056,2024-11-16,2024-12-16,2024-12-17,8587.55,8587.55,0.0,341,C1111,Edwards LLC,SMB,2024-11-14,East,648,17886.93,2,2,2,0.0,0,2,0.005479452054794521,1.0,0.0,1.0,8943.465,0.48010195153668067,0.07,0
I9057,O5057,2024-05-06,2024-06-05,2024-06-20,610.9,610.9,0.0,535,C1005,Vazquez-Bowers,Individual,2025-10-31,North,633,610.9,1,1,1,0.0,0,0,0.0,1.0,0.0,1.0,610.9,1.0,0.03333333333333333,0
I9058,O5058,2025-08-27,2025-09-03,2025-09-06,7159.2,7159.2,0.0,80,C1063,Jensen-Gomez,SMB,2024-11-07,South,566,12811.2,2,2,2,0.0,0,293,0.8027397260273973,1.0,0.0,1.0,6405.6,0.5588235294117646,0.03333333333333333,0
I9059,O5059,2025-10-28,2025-11-11,2025-11-06,1805.27,1805.27,-2.273e-13,11,C1012,Johnson-Thomas,Enterprise,2025-01-05,East,666,10817.12,3,3,1,1988.24,0,296,0.810958904109589,1.0,0.18380493144201043,0.3333333333333333,3605.706666666667,0.16689007795050806,0.19333333333333333,0
I9060,O5060,2023-02-02,2023-03-04,2023-02-09,11267.99,11267.990000000002,-1.8189e-12,994,C1009,Williams-Turner,Enterprise,2024-11-27,South,687,13021.4,2,2,2,1028.73,0,0,0.0,1.0000000000000002,0.0790030257883177,1.0,6510.7,0.8653439722303286,0.03333333333333333,0
I9061,O5061,2024-11-27,2024-12-11,2024-11-28,1478.82,1478.8200000000002,-2.273e-13,346,C1109,"Thompson, Phelps and Stuart",Individual,2023-07-09,West,644,1478.82,1,1,1,0.0,0,507,1.389041095890411,1.0000000000000002,0.0,1.0,1478.82,1.0,0.04666666666666667,0
I9062,O5062,2025-02-22,2025-03-01,2025-02-28,9546.24,9546.24,0.0,266,C1079,"Morgan, Mendez and Cox",Enterprise,2025-04-12,West,510,10532.53,2,2,2,0.0,0,0,0.0,1.0,0.0,1.0,5266.265,0.9063577317130831,0.09333333333333334,0
I9063,O5063,2024-08-14,2024-09-13,2024-08-15,1551.39,1551.39,2.273e-13,435,C1012,Johnson-Thomas,Enterprise,2025-01-05,East,666,10817.12,3,3,1,1988.24,1,0,0.0,1.0,0.18380493144201043,0.3333333333333333,3605.706666666667,0.14341987516085614,0.64,1
I9064,O5064,2023-07-26,2023-08-25,2023-08-03,5993.12,5993.120000000001,-9.094e-13,820,C1115,Young PLC,Enterprise,2023-03-15,South,671,24359.43,4,4,4,10405.66,0,133,0.3643835616438356,1.0000000000000002,0.4271717359560548,1.0,6089.8575,0.24602874533599514,0.06666666666666667,0
I9065,O5065,2024-10-30,2024-11-29,2024-11-03,8528.14,8528.140000000001,-1.8189e-12,358,C1047,Jimenez Inc,Individual,2023-01-02,East,723,14166.74,2,2,2,6484.21,0,667,1.8273972602739725,1.0000000000000002,0.45770657187186325,1.0,7083.37,0.6019832367926565,0.19,0
I9066,O5066,2024-05-21,2024-06-04,2024-05-30,2646.13,2646.13,0.0,536,C1021,Nunez-Rodriguez,Enterprise,2023-11-30,East,634,10827.37,2,2,2,0.0,0,173,0.473972602739726,1.0,0.0,1.0,5413.685,0.24439268261821662,0.06333333333333334,0
I9067,O5067,2025-02-25,2025-03-27,2025-03-12,11123.17,4450.26,6672.91,240,C1029,Spencer LLC,SMB,2024-10-06,West,629,11123.17,1,1,1,2635.65,1,142,0.38904109589041097,0.4000891832094628,0.23695133671426402,1.0,11123.17,1.0,0.85,1
I9068,O5068,2024-06-06,2024-06-13,2024-06-13,5139.63,5139.63,0.0,527,C1115,Young PLC,Enterprise,2023-03-15,South,671,24359.43,4,4,4,10405.66,0,449,1.2301369863013698,1.0,0.4271717359560548,1.0,6089.8575,0.21099139019262766,0.03333333333333333,0
I9069,O5069,2023-11-21,2023-12-21,,4234.18,0.0,4234.18,702,C1075,Chapman-Odom,Enterprise,2024-07-24,South,707,29175.58,4,4,4,0.0,1,0,0.0,0.0,0.0,1.0,7293.895,0.14512753473966927,0.92,1
I9070,O5070,2025-05-21,2025-06-20,2025-05-22,6570.94,6570.94,0.0,155,C1025,Simpson LLC,Enterprise,2025-02-16,South,657,6570.94,1,1,1,0.0,0,94,0.25753424657534246,1.0,0.0,1.0,6570.94,1.0,0.01,0
I9071,O5071,2023-08-12,2023-09-11,2023-08-16,11413.58,11413.58,0.0,803,C1073,Murray Group,SMB,2024-01-28,West,759,13807.62,2,2,2,0.0,0,0,0.0,1.0,0.0,1.0,6903.81,0.8266145794858201,0.07,0
I9072,O5072,2024-09-03,2024-09-10,2024-09-16,917.64,917.64,0.0,438,C1001,Johnson-Olsen,SMB,2024-05-16,South,640,3472.53,3,3,3,0.0,0,110,0.3013698630136986,1.0,0.0,1.0,1157.51,0.26425689626871474,0.06333333333333334,0
I9073,O5073,2023-04-18,2023-05-02,2023-04-19,10555.12,10555.12,0.0,935,C1077,Stokes Inc,Individual,2023-04-14,North,629,10555.12,1,1,1,0.0,0,4,0.010958904109589041,1.0,0.0,1.0,10555.12,1.0,0.02666666666666667,0
I9074,O5074,2024-01-27,2024-02-03,2024-02-03,3650.52,3650.52,0.0,658,C1115,Young PLC,Enterprise,2023-03-15,South,671,24359.43,4,4,4,10405.66,0,318,0.8712328767123287,1.0,0.4271717359560548,1.0,6089.8575,0.14986064944869398,0.06666666666666667,0
I9075,O5075,2023-03-23,2023-04-06,2023-03-28,4831.48,4831.48,0.0,961,C1074,"Robertson, Fisher and Smith",Enterprise,2023-10-15,South,466,27911.96,3,3,3,0.0,0,0,0.0,1.0,0.0,1.0,9303.986666666666,0.17309712395689875,0.03666666666666667,0
I9076,O5076,2023-10-01,2023-10-31,2023-10-02,4033.21,4033.21,0.0,753,C1095,"Patel, Mendez and Hammond",Individual,2023-09-26,East,547,8346.33,2,2,2,0.0,0,5,0.0136986301369863,1.0,0.0,1.0,4173.165,0.48323155207138946,0.016666666666666666,0
I9077,O5077,2024-02-17,2024-03-02,2024-02-24,3872.07,3872.07,0.0,630,C1067,"Peterson, Davis and Reed",SMB,2025-04-13,North,720,21212.02,2,2,2,0.0,0,0,0.0,1.0,0.0,1.0,10606.01,0.18254131383998318,0.13666666666666666,0
I9078,O5078,2023-12-08,2023-12-22,2024-01-10,4313.12,4313.12,0.0,701,C1095,"Patel, Mendez and Hammond",Individual,2023-09-26,East,547,8346.33,2,2,2,0.0,0,73,0.2,1.0,0.0,1.0,4173.165,0.5167684479286105,0.006666666666666667,0
I9079,O5079,2025-08-18,2025-08-25,,6589.18,0.0,6589.18,89,C1110,Casey-Brown,SMB,2024-07-20,North,515,18725.21,5,5,4,7723.18,1,394,1.0794520547945206,0.0,0.4124482449061987,0.8,3745.042,0.3518881764209854,0.8433333333333334,1
I9080,O5080,2025-03-30,2025-04-06,2025-04-09,1323.73,1323.73,0.0,230,C1001,Johnson-Olsen,SMB,2024-05-16,South,640,3472.53,3,3,3,0.0,0,318,0.8712328767123287,1.0,0.0,1.0,1157.51,0.38120045039207723,0.03,0
I9081,O5081,2023-09-16,2023-09-30,2023-09-24,9289.81,9289.81,0.0,784,C1074,"Robertson, Fisher and Smith",Enterprise,2023-10-15,South,466,27911.96,3,3,3,0.0,0,0,0.0,1.0,0.0,1.0,9303.986666666666,0.33282542680628663,0.01,0
I9082,O5082,2025-02-05,2025-03-07,2025-02-07,3153.3,3153.3,4.547e-13,260,C1003,Watts LLC,SMB,2025-05-14,North,756,10081.8,2,2,2,0.0,1,0,0.0,1.0,0.0,1.0,5040.9,0.31277152889365,0.68,1
I9083,O5083,2024-11-06,2024-12-06,2024-11-07,2934.95,2100.53,834.4199999999996,351,C1116,"Mason, Martinez and Beck",SMB,2025-05-30,North,647,2934.95,1,1,1,0.0,1,0,0.0,0.7156953270072746,0.0,1.0,2934.95,1.0,0.84,1
I9084,O5084,2025-04-21,2025-04-28,2025-04-23,2971.46,2971.46,0.0,208,C1004,Clark Inc,SMB,2023-07-11,South,633,2971.46,1,1,1,0.0,0,650,1.7808219178082192,1.0,0.0,1.0,2971.46,1.0,0.08333333333333333,0
I9085,O5085,2023-08-29,2023-09-28,2023-09-06,971.36,971.36,0.0,786,C1049,Hernandez-Howell,Enterprise,2025-01-13,South,526,971.36,1,1,1,0.0,0,0,0.0,1.0,0.0,1.0,971.36,1.0,0.05,0
I9086,O5086,2025-05-11,2025-05-18,2025-05-21,2943.6,2943.6,0.0,188,C1106,Lucas-Johnson,Enterprise,2024-07-11,South,782,3715.12,2,2,2,882.04,0,304,0.8328767123287671,1.0,0.2374189797368591,1.0,1857.56,0.7923297228622495,0.07,0
I9087,O5087,2025-04-20,2025-05-04,2025-04-24,256.58,256.58,0.0,202,C1027,Wilson-Campbell,Enterprise,2023-03-07,West,676,12734.9,3,3,2,0.0,0,775,2.1232876712328768,1.0,0.0,0.6666666666666666,4244.966666666666,0.02014778286441197,0.06333333333333334,0
I9088,O5088,2024-05-03,2024-06-02,2024-05-13,615.58,615.58,0.0,538,C1069,Wright Ltd,Enterprise,2024-12-26,West,604,615.58,1,1,1,0.0,0,0,0.0,1.0,0.0,1.0,615.58,1.0,0.17666666666666667,0
I9089,O5089,2023-05-07,2023-06-06,2023-05-11,4682.92,1805.74,2877.1800000000003,900,C1015,"Allen, Hudson and Garcia",Individual,2024-08-23,East,610,26341.27,3,3,3,0.0,1,0,0.0,0.38560129150188344,0.0,1.0,8780.423333333334,0.17777882387599384,0.9066666666666666,1
I9090,O5090,2024-03-15,2024-04-14,2024-03-25,229.41,165.47,63.94,587,C1031,Crosby-Richardson,Enterprise,2023-10-20,South,779,2252.95,2,2,2,0.0,1,147,0.40273972602739727,0.7212850355259143,0.0,1.0,1126.475,0.10182649415211169,0.8033333333333333,1
I9091,O5091,2024-03-01,2024-03-08,2024-03-01,17352.84,5910.58,11442.26,624,C1075,Chapman-Odom,Enterprise,2024-07-24,South,707,29175.58,4,4,4,0.0,1,0,0.0,0.340611680854546,0.0,1.0,7293.895,0.5947727517327848,0.9333333333333333,1
I9092,O5092,2024-11-09,2024-12-09,2024-11-12,10811.25,10811.25,0.0,348,C1035,Neal-Madden,SMB,2025-10-07,North,564,14994.35,2,2,2,0.0,0,0,0.0,1.0,0.0,1.0,7497.175,0.7210215847969401,0.03333333333333333,0
I9093,O5093,2024-06-04,2024-07-04,2024-06-14,2174.04,2174.04,0.0,506,C1016,"Hines, Rice and Baldwin",Individual,2024-01-29,North,579,10894.37,2,2,2,2401.02,0,127,0.34794520547945207,1.0,0.22039089915249802,1.0,5447.185,0.1995562845763454,0.02,0
I9094,O5094,2024-05-03,2024-05-17,2024-05-12,1986.97,1233.82,753.1500000000001,554,C1033,"Garcia, Kim and Barrett",Individual,2025-05-27,West,575,1986.97,1,1,1,0.0,1,0,0.0,0.620955525246984,0.0,1.0,1986.97,1.0,0.87,1
I9095,O5095,2025-05-15,2025-05-29,2025-05-25,1188.58,1188.58,0.0,177,C1057,"Dalton, Turner and Mccarthy",Individual,2025-06-16,West,628,19308.52,3,3,3,1999.58,0,0,0.0,1.0,0.10355946494086547,1.0,6436.173333333333,0.061557281448811195,0.07666666666666666,0
I9096,O5096,2023-08-16,2023-08-30,2023-08-16,16169.66,16169.66,0.0,815,C1078,"Leonard, Rogers and Shaw",SMB,2023-07-11,South,656,33851.36,2,2,2,0.0,0,36,0.09863013698630137,1.0,0.0,1.0,16925.68,0.47766648075586915,0.006666666666666667,0
I9097,O5097,2024-09-11,2024-09-25,2024-09-18,1713.21,1713.21,0.0,423,C1061,Alvarez-Dickerson,SMB,2023-01-15,North,637,1713.21,1,1,1,0.0,0,605,1.6575342465753424,1.0,0.0,1.0,1713.21,1.0,0.06,0
I9098,O5098,2023-08-12,2023-08-26,2023-09-06,9576.16,9576.16,0.0,819,C1115,Young PLC,Enterprise,2023-03-15,South,671,24359.43,4,4,4,10405.66,0,150,0.410958904109589,1.0,0.4271717359560548,1.0,6089.8575,0.3931192150226832,0.06666666666666667,0
I9099,O5099,2023-11-07,2023-12-07,2023-11-12,986.29,986.29,-1.136e-13,716,C1079,"Morgan, Mendez and Cox",Enterprise,2025-04-12,West,510,10532.53,2,2,2,0.0,0,0,0.0,1.0,0.0,1.0,5266.265,0.09364226828691681,0.03666666666666667,0
I9100,O5100,2024-10-31,2024-11-07,2024-11-24,8478.0,8478.0,0.0,380,C1058,Jordan-Edwards,SMB,2023-09-05,South,673,8478.0,1,1,1,4760.57,0,422,1.1561643835616437,1.0,0.5615204057560745,1.0,8478.0,1.0,0.056666666666666664,0
I9101,O5101,2025-06-05,2025-06-12,2025-06-12,80.14,80.14,0.0,163,C1055,Edwards-Bennett,Individual,2024-03-09,South,715,2596.72,3,3,3,0.0,0,453,1.2410958904109588,1.0,0.0,1.0,865.5733333333333,0.030862010536368962,0.15,0
I9102,O5102,2025-04-28,2025-05-12,2025-04-30,5203.58,5203.58,0.0,194,C1053,"Payne, Cisneros and Johnson",Individual,2023-09-20,West,692,5203.58,1,1,1,0.0,0,586,1.6054794520547946,1.0,0.0,1.0,5203.58,1.0,0.05,0
I9103,O5103,2024-10-03,2024-10-10,2024-10-09,5638.6,5638.599999999999,9.094e-13,408,C1047,Jimenez Inc,Individual,2023-01-02,East,723,14166.74,2,2,2,6484.21,1,640,1.7534246575342465,0.9999999999999999,0.45770657187186325,1.0,7083.37,0.3980167632073434,0.6566666666666666,1
I9104,O5104,2025-09-05,2025-10-05,2025-09-07,3653.23,3653.23,0.0,48,C1011,"Harris, Santana and Lopez",Enterprise,2023-07-09,North,617,10959.69,2,2,2,3320.58,0,789,2.1616438356164385,1.0,0.30298119746087704,1.0,5479.845,0.3333333333333333,0.07333333333333333,0
I9105,O5105,2025-02-09,2025-02-23,2025-02-19,4302.3,1699.05,2603.25,272,C1075,Chapman-Odom,Enterprise,2024-07-24,South,707,29175.58,4,4,4,0.0,1,200,0.547945205479452,0.394916672477512,0.0,1.0,7293.895,0.14746236407296787,0.9133333333333333,1
I9106,O5106,2024-11-08,2024-11-22,,9299.38,0.0,9299.38,365,C1111,Edwards LLC,SMB,2024-11-14,East,648,17886.93,2,2,2,0.0,1,0,0.0,0.0,0.0,1.0,8943.465,0.5198980484633192,0.9233333333333333,1
I9107,O5107,2025-05-20,2025-06-03,2025-06-04,3072.71,957.42,2115.29,172,C1045,Fuller and Sons,Individual,2024-09-03,South,599,12734.07,3,3,3,9559.65,1,259,0.7095890410958904,0.3115881420635205,0.7507144220190403,1.0,4244.69,0.24129834373456405,0.8566666666666667,1
I9108,O5108,2024-03-15,2024-04-14,2024-03-18,2796.42,2796.42,0.0,587,C1108,Clarke-Ramirez,Enterprise,2025-09-27,North,668,2796.42,1,1,1,0.0,0,0,0.0,1.0,0.0,1.0,2796.42,1.0,0.05,0
I9109,O5109,2025-01-24,2025-02-23,2025-01-24,4234.33,4234.330000000001,-9.094e-13,272,C1103,Wilson and Sons,Individual,2024-09-05,North,593,4234.33,1,1,1,0.0,0,141,0.3863013698630137,1.0000000000000002,0.0,1.0,4234.33,1.0,0.06666666666666667,0
I9110,O5110,2023-02-26,2023-03-12,2023-03-08,531.51,531.51,0.0,986,C1034,Wilson Group,SMB,2025-01-11,South,707,531.51,1,1,1,0.0,0,0,0.0,1.0,0.0,1.0,531.51,1.0,0.04666666666666667,0
I9111,O5111,2024-09-30,2024-10-14,2024-09-30,4878.36,4878.36,0.0,404,C1023,"Perez, Rodriguez and Rollins",Individual,2023-05-27,South,550,4878.36,1,1,1,0.0,0,492,1.347945205479452,1.0,0.0,1.0,4878.36,1.0,0.2733333333333333,0
I9112,O5112,2025-04-07,2025-04-14,2025-04-11,7306.46,7306.46,0.0,222,C1011,"Harris, Santana and Lopez",Enterprise,2023-07-09,North,617,10959.69,2,2,2,3320.58,0,638,1.747945205479452,1.0,0.30298119746087704,1.0,5479.845,0.6666666666666666,0.23,0
I9113,O5113,2024-03-22,2024-04-05,2024-04-17,7633.38,7633.379999999999,9.094e-13,596,C1043,Tate Inc,Individual,2023-01-07,East,628,15673.76,2,2,2,0.0,1,440,1.2054794520547945,0.9999999999999999,0.0,1.0,7836.88,0.48701651677708474,0.08666666666666667,0
I9114,O5114,2024-10-01,2024-10-15,2024-10-09,20642.45,20642.45,3.6379e-12,403,C1113,Powers-Blackwell,Individual,2025-05-25,North,822,20642.45,1,1,1,0.0,1,0,0.0,1.0,0.0,1.0,20642.45,1.0,0.79,1
I9115,O5115,2023-11-21,2023-12-05,2023-11-22,3903.63,3903.63,0.0,718,C1056,Johnson-Thompson,Enterprise,2024-09-30,East,591,13091.990000000002,2,2,2,0.0,0,0,0.0,1.0,0.0,1.0,6545.995000000001,0.29816933865669004,0.013333333333333334,0
I9116,O5116,2025-09-25,2025-10-25,2025-10-03,11986.24,11986.240000000002,-1.8189e-12,28,C1027,Wilson-Campbell,Enterprise,2023-03-07,West,676,12734.9,3,3,2,0.0,0,933,2.5561643835616437,1.0000000000000002,0.0,0.6666666666666666,4244.966666666666,0.9412119451271702,0.02666666666666667,0
I9117,O5117,2024-12-10,2025-01-09,2025-01-13,2309.5,2309.5,0.0,317,C1086,Knight PLC,SMB,2024-10-04,North,714,2309.5,1,1,1,0.0,0,67,0.18356164383561643,1.0,0.0,1.0,2309.5,1.0,0.05333333333333334,0
I9118,O5118,2025-09-25,2025-10-02,2025-09-30,3359.52,3359.52,0.0,51,C1050,Wolf Ltd,SMB,2023-04-29,North,672,3359.52,1,1,1,0.0,0,880,2.410958904109589,1.0,0.0,1.0,3359.52,1.0,0.02,0
I9119,O5119,2023-01-21,2023-02-04,2023-02-11,1725.82,1725.82,0.0,1022,C1098,Hernandez-Hernandez,Individual,2023-05-31,South,650,1725.82,1,1,1,0.0,0,0,0.0,1.0,0.0,1.0,1725.82,1.0,0.05,0
I9120,O5120,2024-06-12,2024-07-12,2024-06-12,5135.49,5135.49,0.0,498,C1000,"Mills, Cordova and Jackson",SMB,2023-08-17,East,684,5135.49,1,1,1,0.0,0,300,0.821917808219178,1.0,0.0,1.0,5135.49,1.0,0.04,0
I9121,O5121,2025-06-01,2025-06-08,2025-06-06,3478.46,3478.46,0.0,167,C1068,Jenkins-Brown,Individual,2023-07-18,West,675,7308.92,2,2,2,0.0,0,684,1.873972602739726,1.0,0.0,1.0,3654.46,0.47591983494141404,0.05,0
I9122,O5122,2025-10-28,2025-11-11,2025-10-30,1034.82,1034.82,0.0,11,C1110,Casey-Brown,SMB,2024-07-20,North,515,18725.21,5,5,4,7723.18,0,465,1.273972602739726,1.0,0.4124482449061987,0.8,3745.042,0.05526346567007793,0.02666666666666667,0
I9123,O5123,2025-06-17,2025-07-17,2025-06-26,3897.68,3897.68,0.0,128,C1110,Casey-Brown,SMB,2024-07-20,North,515,18725.21,5,5,4,7723.18,0,332,0.9095890410958904,1.0,0.4124482449061987,0.8,3745.042,0.20815147066441445,0.05,0
I9124,O5124,2025-06-01,2025-06-08,2025-06-10,11554.6,11554.6,0.0,167,C1014,Wyatt Ltd,Enterprise,2023-09-13,North,529,11554.6,1,1,1,6211.08,0,627,1.7178082191780821,1.0,0.5375417582607792,1.0,11554.6,1.0,0.10333333333333333,0
I9125,O5125,2024-11-02,2024-11-16,2024-11-10,771.52,771.52,0.0,371,C1106,Lucas-Johnson,Enterprise,2024-07-11,South,782,3715.12,2,2,2,882.04,0,114,0.31232876712328766,1.0,0.2374189797368591,1.0,1857.56,0.2076702771377506,0.08666666666666667,0
I9126,O5126,2023-07-07,2023-08-06,2023-07-16,560.98,560.98,0.0,839,C1055,Edwards-Bennett,Individual,2024-03-09,South,715,2596.72,3,3,3,0.0,0,0,0.0,1.0,0.0,1.0,865.5733333333333,0.21603407375458272,0.22333333333333333,0
I9127,O5127,2023-06-14,2023-06-28,2023-06-25,4436.45,2065.7,2370.75,878,C1028,"Fitzgerald, Mcdaniel and Randall",SMB,2024-07-02,South,607,4436.45,1,1,1,4581.66,1,0,0.0,0.46562003403622265,1.032731125111294,1.0,4436.45,1.0,0.71,1
I9128,O5128,2023-12-12,2023-12-26,2023-12-22,17339.95,17339.949999999997,3.6379e-12,697,C1067,"Peterson, Davis and Reed",SMB,2025-04-13,North,720,21212.02,2,2,2,0.0,1,0,0.0,0.9999999999999998,0.0,1.0,10606.01,0.8174586861600168,0.7066666666666667,1
I9129,O5129,2024-12-17,2025-01-16,2024-12-27,6903.59,6903.589999999999,9.094e-13,310,C1013,"Mcmahon, Rush and Bailey",Individual,2023-03-30,West,516,7640.7,2,2,1,0.0,1,628,1.7205479452054795,0.9999999999999999,0.0,0.5,3820.35,0.9035284725221512,0.71,1
I9130,O5130,2024-02-16,2024-03-17,2024-02-16,10326.69,10326.69,0.0,615,C1097,Boyd LLC,Enterprise,2023-01-20,North,668,13124.09,2,2,2,2901.46,0,392,1.073972602739726,1.0,0.22107894718795743,1.0,6562.045,0.7868499835036182,0.07,0
I9131,O5131,2024-01-03,2024-01-17,2024-01-13,5241.54,5241.54,0.0,675,C1087,Simmons-Reed,Individual,2025-09-03,South,673,5241.54,1,1,1,0.0,0,0,0.0,1.0,0.0,1.0,5241.54,1.0,0.013333333333333334,0
I9132,O5132,2024-10-29,2024-11-28,2024-12-11,866.5,866.4999999999999,1.136e-13,359,C1008,"Palmer, Brown and Wilson",SMB,2023-01-14,West,617,866.5,1,1,1,0.0,1,654,1.7917808219178082,0.9999999999999999,0.0,1.0,866.5,1.0,0.6566666666666666,1
I9133,O5133,2024-09-14,2024-10-14,2024-09-23,8289.4,8289.400000000001,-1.8189e-12,404,C1045,Fuller and Sons,Individual,2024-09-03,South,599,12734.07,3,3,3,9559.65,0,11,0.030136986301369864,1.0000000000000002,0.7507144220190403,1.0,4244.69,0.6509623396133365,0.11666666666666667,0
I9134,O5134,2024-10-03,2024-10-10,2024-10-10,6888.4,6888.4,0.0,408,C1007,Williams-Rodriguez,Enterprise,2024-03-27,East,703,6888.4,1,1,1,0.0,0,190,0.5205479452054794,1.0,0.0,1.0,6888.4,1.0,0.03666666666666667,0
I9135,O5135,2023-06-10,2023-06-24,2023-06-13,5975.12,5975.12,0.0,882,C1059,Freeman-Rodriguez,Enterprise,2023-05-12,North,718,5975.12,1,1,1,1766.04,0,29,0.07945205479452055,1.0,0.29556561207138937,1.0,5975.12,1.0,0.13,0
I9136,O5136,2023-03-30,2023-04-29,2023-05-15,16169.66,16169.66,0.0,938,C1041,Kelly-Estrada,SMB,2024-11-27,East,661,29250.15,2,2,2,0.0,0,0,0.0,1.0,0.0,1.0,14625.075,0.5528060539860479,0.04666666666666667,0
I9137,O5137,2025-10-30,2025-11-29,2025-12-04,737.11,737.11,0.0,-7,C1013,"Mcmahon, Rush and Bailey",Individual,2023-03-30,West,516,7640.7,2,2,1,0.0,0,945,2.589041095890411,1.0,0.0,0.5,3820.35,0.09647152747784889,0.32666666666666666,0
I9138,O5138,2023-06-27,2023-07-04,2023-07-07,2023.54,2023.54,0.0,872,C1031,Crosby-Richardson,Enterprise,2023-10-20,South,779,2252.95,2,2,2,0.0,0,0,0.0,1.0,0.0,1.0,1126.475,0.8981735058478884,0.16,0
I9139,O5139,2025-06-22,2025-07-22,2025-06-24,5053.64,5053.639999999999,9.094e-13,123,C1117,"Herring, Huynh and King",Enterprise,2024-09-23,North,568,5053.64,1,1,1,0.0,1,272,0.7452054794520548,0.9999999999999998,0.0,1.0,5053.64,1.0,0.6566666666666666,1
I9140,O5140,2025-04-21,2025-05-21,2025-04-26,8130.6,8130.599999999999,9.094e-13,185,C1101,Colon-Lucas,SMB,2024-08-06,West,620,16302.330000000002,3,3,3,0.0,1,258,0.7068493150684931,0.9999999999999999,0.0,1.0,5434.110000000001,0.49873852387971535,0.09,0
I9141,O5141,2024-11-22,2024-12-22,2024-12-31,1643.82,1643.8200000000002,-2.273e-13,335,C1071,Melton Inc,SMB,2023-07-21,West,757,1643.82,1,1,1,0.0,0,490,1.3424657534246576,1.0000000000000002,0.0,1.0,1643.82,1.0,0.03666666666666667,0
I9142,O5142,2024-08-09,2024-08-23,2024-08-12,8669.98,8669.98,0.0,456,C1042,Archer-Dixon,SMB,2025-06-09,West,641,8669.98,1,1,1,0.0,0,0,0.0,1.0,0.0,1.0,8669.98,1.0,0.03333333333333333,0
I9143,O5143,2023-10-20,2023-11-19,2023-10-24,8720.33,8720.33,0.0,734,C1016,"Hines, Rice and Baldwin",Individual,2024-01-29,North,579,10894.37,2,2,2,2401.02,0,0,0.0,1.0,0.22039089915249802,1.0,5447.185,0.8004437154236546,0.04666666666666667,0
I9144,O5144,2023-06-30,2023-07-14,2023-07-30,4831.48,4831.48,0.0,862,C1082,Mitchell Inc,Enterprise,2025-03-10,West,753,11064.04,3,3,3,0.0,0,0,0.0,1.0,0.0,1.0,3688.013333333334,0.43668316455833484,0.03666666666666667,0
I9145,O5145,2023-07-14,2023-07-28,2023-07-18,1371.96,1371.96,0.0,848,C1002,Anderson Ltd,Individual,2023-07-29,North,695,1371.96,1,1,1,0.0,0,0,0.0,1.0,0.0,1.0,1371.96,1.0,0.016666666666666666,0
I9146,O5146,2024-01-08,2024-01-15,2024-01-16,7147.01,7147.01,0.0,677,C1024,Owens PLC,SMB,2024-05-16,West,611,21557.800000000003,2,2,2,0.0,0,0,0.0,1.0,0.0,1.0,10778.900000000001,0.3315277996827134,0.016666666666666666,0
I9147,O5147,2023-11-18,2023-12-02,2023-11-22,10403.97,4632.12,5771.849999999999,721,C1064,Flores-Johnson,Individual,2024-07-24,West,706,16669.079999999998,2,2,2,5845.0,1,0,0.0,0.445226197307374,0.3506492259920764,1.0,8334.539999999999,0.6241478233951724,0.9166666666666666,1
I9148,O5148,2023-03-22,2023-04-21,2023-03-29,7724.07,7724.07,0.0,946,C1076,Hudson-Morris,Enterprise,2023-06-04,North,656,7724.07,1,1,1,0.0,0,0,0.0,1.0,0.0,1.0,7724.07,1.0,0.03,0
I9149,O5149,2023-12-05,2023-12-19,2023-12-26,5042.12,5042.12,0.0,704,C1092,Burton PLC,Enterprise,2023-06-17,East,600,5042.12,1,1,1,0.0,0,171,0.4684931506849315,1.0,0.0,1.0,5042.12,1.0,0.29333333333333333,0
